name,price,url
Люстра Ливсден Brown,18 990,/product/lyustra-livsden-brown
Подвесной светильник Ливсден Brown,4690,/product/podvesnoj-svetilnik-livsden-brown
Настольная лампа Ливсден Brown,8590,/product/nastolnaya-lampa-livsden-brown
Торшер Ливсден Brown,11 990,/product/torsher-livsden-brown
Бра Флиммер Black,1690,/product/bra-flimmer-black
Люстра Флиммер Black,7990,/product/lyustra-flimmer-black
Подвесной светильник Флиммер Black,1890,/product/podvesnoj-svetilnik-flimmer-black
Настольная лампа Флиммер Black,2990,/product/nastolnaya-lampa-flimmer-black
Торшер Флиммер Black,4990,/product/torsher-flimmer-black
Настольная лампа Нидлс Raffia Beige,4990,/product/nastolnaya-lampa-nidls-raffia-beige
Люстра Гейза Black,9990,/product/lyustra-gejza-black
Настольная лампа Гейза Black,3990,/product/nastolnaya-lampa-gejza-black
Настольная лампа Гейза Pink,3990,/product/nastolnaya-lampa-gejza-pink
Настольная лампа Гейза Blue,3990,/product/nastolnaya-lampa-gejza-blue
Настольная лампа Гейза Orange,3990,/product/nastolnaya-lampa-gejza-orange
Настольная лампа Алней Black,3990,/product/nastolnaya-lampa-alnej-black
Настольная лампа Алней Beige,3990,/product/nastolnaya-lampa-alnej-beige
Настольная лампа Алней Green,3990,/product/nastolnaya-lampa-alnej-green
Настольная лампа Алней Orange,3990,/product/nastolnaya-lampa-alnej-orange
Торшер Алней Green,7990,/product/torsher-alnej-green
Торшер Алней Black,7990,/product/torsher-alnej-black
Торшер Алней Orange,7990,/product/torsher-alnej-orange
Торшер Алней Beige,7990,/product/torsher-alnej-beige
Настольная лампа Арбет Orange,1990,/product/nastolnaya-lampa-arbet-orange
Настольная лампа Арбет Silver,3390,/product/nastolnaya-lampa-arbet-silver
Настольная лампа Арбет Beige,1990,/product/nastolnaya-lampa-arbet-beige
Настольная лампа Арбет White,2390,/product/nastolnaya-lampa-arbet-white
Настольная лампа Арбет Black,1990,/product/nastolnaya-lampa-arbet-black
Настольная лампа Синдри Grey,4390,/product/nastolnaya-lampa-sindri-grey
Люстра Синдри Black,12 990,/product/lyustra-sindri-black
Настольная лампа Манэт White,2690,/product/nastolnaya-lampa-manet-white
Настольная лампа Леррет Beige,3990,/product/nastolnaya-lampa-lerret-beige
Настольная лампа Леррет White,2590,/product/nastolnaya-lampa-lerret-white
Настольная лампа Истад Black,1690,/product/nastolnaya-lampa-istad-black
Настольная лампа Истад White,1690,/product/nastolnaya-lampa-istad-white
Люстра Боллар White,22 990,/product/lyustra-bollar-white
Настольная лампа Рибе Black,1990,/product/nastolnaya-lampa-ribe-black
Настольная лампа Рибе Orange,1990,/product/nastolnaya-lampa-ribe-orange
Настольная лампа Снибальд White,790,/product/nastolnaya-lampa-snibald-white
Настольная лампа Спайк Pink,1390,/product/nastolnaya-lampa-spajk-pink
Настольная лампа Спайк White,1390,/product/nastolnaya-lampa-spajk-white
Настольная лампа Астри Black,1390,/product/nastolnaya-lampa-astri-black
Настольная лампа Астри Beige,1390,/product/nastolnaya-lampa-astri-beige
Подвесной светильник Клауд White,9990,/product/podvesnoj-svetilnik-klaud-white
Торшер Клауд White,18 290,/product/torsher-klaud-white
Настольная лампа Клауд White,15 990,/product/nastolnaya-lampa-klaud-white
Настольная лампа Машрум Olive,3990,/product/nastolnaya-lampa-mashrum-olive
Настольная лампа Машрум Pink,3990,/product/nastolnaya-lampa-mashrum-pink
Подвесной светильник Селау-2 Glass,3990,/product/podvesnoj-svetilnik-selau-2-glass
Бра Пинна Black,6990,/product/bra-pinna-black
Бра Бьйорк White,2490,/product/bra-bjork-white
Настольная лампа Арвика Wood,5990,/product/nastolnaya-lampa-arvika-wood
Настольная лампа Бьйорк White,3990,/product/nastolnaya-lampa-bjork-white
Торшер Бьйорк White,10 990,/product/torsher-bjork-white
Торшер Логмар Silver,16 990,/product/torsher-logmar-silver
Торшер Логмар Black,16 990,/product/torsher-logmar-black
Подвесной светильник Инлада Wood,9990,/product/podvesnoj-svetilnik-inlada-wood
Подвесной светильник Фюн White,4490,/product/podvesnoj-svetilnik-fyun-white
Подвесной светильник Гронтри-2 Wood,13 990,/product/podvesnoj-svetilnik-grontri-2-wood
Подвесной светильник Гронтри-1 Wood,13 990,/product/podvesnoj-svetilnik-grontri-1-wood
Подвесной светильник Гронтри Wood,10 990,/product/podvesnoj-svetilnik-grontri-wood
Подвесной светильник Арвика Wood,7990,/product/podvesnoj-svetilnik-arvika-wood
Подвесной светильник Скара Wood,3490,/product/podvesnoj-svetilnik-skara-wood
Подвесной светильник Селау-1 Glass,4990,/product/podvesnoj-svetilnik-selau-1-glass
Подвесной светильник Ферум Grey,2990,/product/podvesnoj-svetilnik-ferum-grey
Подвесной светильник Ферум Black,3990,/product/podvesnoj-svetilnik-ferum-black
Подвесной светильник Ферум Orange,4990,/product/podvesnoj-svetilnik-ferum-orange
Бра Берит Black,4190,/product/bra-berit-black
Бра Берит Orange,4990,/product/bra-berit-orange
Бра Бракетт Black,4490,/product/bra-brakett-black
Бра Бракетт White,4490,/product/bra-brakett-white
Подвесной светильник Малинг Olive,6690,/product/podvesnoj-svetilnik-maling-olive
Подвесной светильник Малинг Beige,6690,/product/podvesnoj-svetilnik-maling-beige
Люстра Малинг Multi,17 990,/product/lyustra-maling-multi
Торшер Осло Blue,17 990,/product/torsher-oslo-blue
Торшер Осло Black,16 990,/product/torsher-oslo-black
Торшер Энкель Black,5990,/product/torsher-enkel-black
Настольная лампа Требен White,2990,/product/nastolnaya-lampa-treben-white
Бра Смастен White,3990,/product/bra-smasten-white
Бра Смастен Black,3990,/product/bra-smasten-black
Подвесной светильник Бенфлит Black,6990,/product/podvesnoj-svetilnik-benflit-black
Подвесной светильник Отра Wood,15 990,/product/podvesnoj-svetilnik-otra-wood
Подвесной светильник Кронор White,7990,/product/podvesnoj-svetilnik-kronor-white
Подвесной светильник Кронор Orange,6990,/product/podvesnoj-svetilnik-kronor-orange
Подвесной светильник Исбит Transparent,7990,/product/podvesnoj-svetilnik-isbit-transparent
Подвесной светильник Чинкве Silver,5990,/product/podvesnoj-svetilnik-chinkve-silver
Подвесной светильник Чинкве Gold,5990,/product/podvesnoj-svetilnik-chinkve-gold
Подвесной светильник Чинкве Gray,5990,/product/podvesnoj-svetilnik-chinkve-gray
